ID,Class
750,Blankenship
751,Hayes
752,Corn
753,Dent
754,Engineer
755,Johnson
756,Morrison
757,Harp
758,Shea
759,Shea
760,Chachra
761,Merritt
762,Davisson
763,Walters
764,Hayes
765,Grove
766,Chell
767,Mahlers2nd
768,Walters
769,CFH
770,Calvinnme
771,Auken
772,Lawyeraau
773,Koenig
774,Shea
775,Agresti
776,Cutey
777,Lee
778,Koenig
779,Corn
780,Cholette
781,Agresti
782,Chachra
783,Robert
784,Hayes
785,Shea
786,Goonan
787,Harp
788,Shea
789,Brody
790,Riley
791,Wilson
792,Morrison
793,Ashbacher
794,CFH
795,Auken
796,Riley
797,Cutey
798,Neal
799,Agresti
800,Hayes
801,Vision
802,Ashbacher
803,Robert
804,Riley
805,Bukowsky
806,Chandler
807,Chell
808,Agresti
809,Engineer
810,Chachra
811,McKee
812,Vision
813,Sherwin
814,Johnson
815,McKee
816,Calvinnme
817,Peterson
818,Cutey
819,Taylor
820,Ashbacher
821,Harp
822,Mark
823,Blankenship
824,Auken
825,Chachra
826,Kolln
827,Riley
828,Lovitt
829,Auken
830,Mahlers2nd
831,Kolln
832,Blankenship
833,Brown
834,Sherwin
835,Engineer
836,Shea
837,Bukowsky
838,Dent
839,Dent
840,Shea
841,Grove
842,Messick
843,Taylor
844,Mahlers2nd
845,Riley
846,CFH
847,Peterson
848,Ashbacher
849,Lee
850,Brown
851,Brody
852,Dent
853,Messick
854,Mark
855,Lawyeraau
856,Johnson
857,Chell
858,Chachra
859,Cholette
860,Merritt
861,Davisson
862,Taylor
863,Messick
864,Lovitt
865,Brown
866,Janson
867,Lawyeraau
868,Messick
869,Chandler
870,Corn
871,Harp
872,Corn
873,Chandler
874,Power
875,Power
876,Ashbacher
877,Kolln
878,Bukowsky
879,Bukowsky
880,Comdet
881,Engineer
882,Riley
883,Mitchell
884,Nigam
885,Morrison
886,Mark
887,Vernon
888,Goonan
889,Walters
890,Grove
891,Shea
892,Taylor
893,Neal
894,Lee
895,Hayes
896,Cholette
897,Merritt
898,Goonan
899,Engineer
900,Ashbacher
901,CFH
902,Chachra
903,Nigam
904,Robert
905,Kolln
906,Dent
907,Engineer
908,Merritt
909,Chachra
910,Chachra
911,Chachra
912,Lee
913,McKee
914,Taylor
915,Blankenship
916,Calvinnme
917,CFH
918,Walters
919,Goonan
920,Brown
921,Chachra
922,Brown
923,Mark
924,Wilson
925,Peterson
926,Taylor
927,Cholette
928,Grove
929,Chachra
930,Morrison
931,Hayes
932,McKee
933,Corn
934,McKee
935,Corn
936,Bukowsky
937,Harp
938,Corn
939,Riley
940,Koenig
941,Grove
942,Robert
943,Goonan
944,Grove
945,Lawyeraau
946,Chachra
947,Bukowsky
948,Robert
949,Lovitt
950,Vernon
951,Davisson
952,Power
953,Chandler
954,Taylor
955,Lee
956,Blankenship
957,Robert
958,Lovitt
959,Mitchell
960,Nigam
961,Bukowsky
962,Taylor
963,Messick
964,Goonan
965,Robert
966,Chandler
967,Koenig
968,Corn
969,Janson
970,Robert
971,Johnson
972,Grove
973,Riley
974,Agresti
975,Johnson
976,Harp
977,Blankenship
978,Harp
979,Koenig
980,Goonan
981,Chachra
982,CFH
983,Comdet
984,Peterson
985,Chandler
986,Kolln
987,Lawyeraau
988,Mitchell
989,Power
990,Robert
991,Wilson
992,Dent
993,Hayes
994,Davisson
995,Auken
996,Lawyeraau
997,Power
998,Comdet
999,CFH
1000,Taylor
1001,Blankenship
1002,Hayes
1003,Brown
1004,Lawyeraau
1005,Calvinnme
1006,Kolln
1007,Mark
1008,Grove
1009,Taylor
1010,Davisson
1011,Lee
1012,Merritt
1013,Lawyeraau
1014,Cutey
1015,Messick
1016,Harp
1017,Brody
1018,Merritt
1019,CFH
1020,Chachra
1021,Lee
1022,Dent
1023,Koenig
1024,Grove
1025,Harp
1026,Grove
1027,Lawyeraau
1028,Koenig
1029,Lee
1030,Shea
1031,Bukowsky
1032,Mahlers2nd
1033,Bukowsky
1034,Lawyeraau
1035,Johnson
1036,Mitchell
1037,Sherwin
1038,Ashbacher
1039,Hayes
1040,Taylor
1041,Mahlers2nd
1042,Auken
1043,Engineer
1044,Engineer
1045,Lovitt
1046,Sherwin
1047,Morrison
1048,Kolln
1049,Neal
1050,Goonan
1051,Engineer
1052,Lovitt
1053,Engineer
1054,Power
1055,Lawyeraau
1056,Engineer
1057,Kolln
1058,Harp
1059,Taylor
1060,Davisson
1061,Messick
1062,Nigam
1063,McKee
1064,Harp
1065,Corn
1066,Morrison
1067,Lee
1068,Cutey
1069,Comdet
1070,Walters
1071,Nigam
1072,Dent
1073,Blankenship
1074,McKee
1075,Merritt
1076,Shea
1077,Vernon
1078,Walters
1079,Vernon
1080,Agresti
1081,Harp
1082,Blankenship
1083,Vernon
1084,Neal
1085,Mitchell
1086,Chachra
1087,Messick
1088,Harp
1089,Agresti
1090,Dent
1091,Lee
1092,Kolln
1093,Mahlers2nd
1094,Ashbacher
1095,Walters
1096,Peterson
1097,Mark
1098,Ashbacher
1099,Brody
1100,Corn
1101,Corn
1102,Mark
1103,Chell
1104,Robert
1105,Merritt
1106,Cutey
1107,Agresti
1108,Walters
1109,Power
1110,Dent
1111,Cutey
1112,Riley
1113,Davisson
1114,Hayes
1115,Neal
1116,CFH
1117,Brown
1118,Hayes
1119,Sherwin
1120,Walters
1121,Bukowsky
1122,Messick
1123,Grove
1124,Davisson
1125,Vernon
1126,Lee
1127,Corn
1128,McKee
1129,Johnson
1130,Messick
1131,Blankenship
1132,Mahlers2nd
1133,Mahlers2nd
1134,Koenig
1135,Chell
1136,Brody
1137,Janson
1138,Koenig
1139,Corn
1140,Vision
1141,Merritt
1142,Goonan
1143,Mark
1144,Grove
1145,Harp
1146,Vision
1147,Koenig
1148,Mitchell
1149,Vision
1150,Merritt
1151,Blankenship
1152,Neal
1153,Peterson
1154,Robert
1155,Shea
1156,Sherwin
1157,Lawyeraau
1158,Goonan
1159,Ashbacher
1160,Chandler
1161,Cutey
1162,Calvinnme
1163,McKee
1164,Neal
1165,Johnson
1166,Calvinnme
1167,Johnson
1168,Goonan
1169,Bukowsky
1170,Mitchell
1171,Lee
1172,Agresti
1173,Chell
1174,Shea
1175,Power
1176,Davisson
1177,Kolln
1178,Walters
1179,Ashbacher
1180,Ashbacher
1181,Taylor
1182,Mitchell
1183,McKee
1184,Mitchell
1185,McKee
1186,Lovitt
1187,Morrison
1188,Auken
1189,Chandler
1190,Agresti
1191,Chachra
1192,CFH
1193,Morrison
1194,Vernon
1195,Cholette
1196,Hayes
1197,Walters
1198,Davisson
1199,Nigam
1200,Shea
1201,Grove
1202,Mitchell
1203,Harp
1204,Messick
1205,McKee
1206,Chandler
1207,Koenig
1208,Brody
1209,Lovitt
1210,Comdet
1211,Wilson
1212,Cholette
1213,Corn
1214,Vernon
1215,Brown
1216,Wilson
1217,Mitchell
1218,Neal
1219,Peterson
1220,Riley
1221,Agresti
1222,Koenig
1223,Chell
1224,Ashbacher
1225,Lee
1226,Power
1227,Power
1228,McKee
1229,CFH
1230,Lee
1231,Power
1232,Lee
1233,Brown
1234,Riley
1235,Riley
1236,Sherwin
1237,Lawyeraau
1238,Shea
1239,Engineer
1240,McKee
1241,Riley
1242,Walters
1243,Corn
1244,Vision
1245,Janson
1246,Chachra
1247,Cholette
1248,Nigam
1249,Taylor
1250,Hayes
1251,Wilson
1252,Lee
1253,Johnson
1254,Calvinnme
1255,Brody
1256,Comdet
1257,Calvinnme
1258,Davisson
1259,Calvinnme
1260,Goonan
1261,Hayes
1262,Walters
1263,Chandler
1264,Dent
1265,McKee
1266,Power
1267,Wilson
1268,Lovitt
1269,Messick
1270,Wilson
1271,Brown
1272,Mitchell
1273,McKee
1274,Chandler
1275,Cholette
1276,Vernon
1277,Peterson
1278,Blankenship
1279,Vernon
1280,Neal
1281,Messick
1282,Ashbacher
1283,Messick
1284,Shea
1285,Grove
1286,Janson
1287,Hayes
1288,Vernon
1289,Corn
1290,Johnson
1291,Vernon
1292,Kolln
1293,Auken
1294,Brown
1295,Agresti
1296,Taylor
1297,Davisson
1298,Power
1299,Agresti
1300,Chandler
1301,Merritt
1302,Mark
1303,Comdet
1304,Janson
1305,Blankenship
1306,Cholette
1307,Chell
1308,Kolln
1309,Cholette
1310,Blankenship
1311,Peterson
1312,Chell
1313,Grove
1314,Mark
1315,Messick
1316,Robert
1317,CFH
1318,Brody
1319,Messick
1320,Cutey
1321,Ashbacher
1322,Lawyeraau
1323,Messick
1324,Wilson
1325,Bukowsky
1326,Wilson
1327,Cutey
1328,Agresti
1329,Chandler
1330,Auken
1331,Bukowsky
1332,Corn
1333,Neal
1334,Johnson
1335,Janson
1336,Messick
1337,Kolln
1338,Comdet
1339,Ashbacher
1340,Chachra
1341,Shea
1342,Messick
1343,Auken
1344,Shea
1345,Morrison
1346,Mahlers2nd
1347,Riley
1348,Peterson
1349,Chell
1350,Vision
1351,Agresti
1352,McKee
1353,Taylor
1354,Bukowsky
1355,Shea
1356,Chachra
1357,Chachra
1358,Lee
1359,Cutey
1360,Blankenship
1361,Agresti
1362,Lawyeraau
1363,Corn
1364,Merritt
1365,Ashbacher
1366,Davisson
1367,Mitchell
1368,Brody
1369,Wilson
1370,Mahlers2nd
1371,Brody
1372,Peterson
1373,Engineer
1374,Mark
1375,Hayes
1376,Cutey
1377,Power
1378,Chachra
1379,Cutey
1380,Kolln
1381,Messick
1382,McKee
1383,CFH
1384,Cutey
1385,Robert
1386,Cholette
1387,Chell
1388,Vision
1389,Nigam
1390,Chell
1391,Kolln
1392,Engineer
1393,Koenig
1394,Morrison
1395,Chachra
1396,Corn
1397,Merritt
1398,Mahlers2nd
1399,Morrison
1400,Bukowsky
1401,Janson
1402,Cholette
1403,CFH
1404,Mark
1405,Shea
1406,Engineer
1407,Sherwin
1408,Cholette
1409,Vision
1410,Goonan
1411,Lovitt
1412,McKee
1413,Dent
1414,Shea
1415,Janson
1416,Riley
1417,Messick
1418,Engineer
1419,Kolln
1420,Vision
1421,Vernon
1422,Bukowsky
1423,Messick
1424,Chandler
1425,Robert
1426,Shea
1427,Wilson
1428,McKee
1429,Robert
1430,Lawyeraau
1431,Nigam
1432,Chell
1433,Kolln
1434,Power
1435,Shea
1436,Sherwin
1437,Sherwin
1438,Agresti
1439,Davisson
1440,CFH
1441,Mahlers2nd
1442,Comdet
1443,Johnson
1444,Comdet
1445,Bukowsky
1446,Vernon
1447,Riley
1448,Brody
1449,Engineer
1450,Kolln
1451,Lovitt
1452,Robert
1453,Johnson
1454,Corn
1455,Kolln
1456,Sherwin
1457,Dent
1458,Johnson
1459,Grove
1460,Engineer
1461,Vision
1462,Corn
1463,Walters
1464,Cutey
1465,Riley
1466,Robert
1467,Davisson
1468,Cutey
1469,Kolln
1470,Lawyeraau
1471,Morrison
1472,Brown
1473,Ashbacher
1474,Auken
1475,Merritt
1476,Johnson
1477,Nigam
1478,Koenig
1479,Chell
1480,Ashbacher
1481,Engineer
1482,Dent
1483,Messick
1484,Bukowsky
1485,Brody
1486,Lee
1487,Chell
1488,Johnson
1489,Comdet
1490,Calvinnme
1491,Goonan
1492,Lovitt
1493,Davisson
1494,Calvinnme
1495,Corn
1496,Agresti
1497,Lawyeraau
1498,Grove
1499,Vision
